Column1,Column2
observacion,califcacion
El señor conductor llegó con un acompañante y no cumplió con el servicio,N
Nada,NEU
Hhug,NEU
Actitud desagradable,N
Nunca llegó ,N
Cancelo la carrera :/,N
Ya no necesitaba,NEU
Nunca llego Nunca llegó,N
Viaje agradable,P
nunca llego y lo espere más tiempo ,N
Yo me tarde. Lo siento,NEU
cancelación de pedido,N
Nunca llegó,N
Canceló solicitud,N
Servicio de llamadas,N
Puntualidad,N
"Atento y cordial, Viaje agradable, Puntualidad, Wifi/carga de celulares, Servicio de llamadas",P
Excelente servicio ,P
Ok,P
Q paso?,NEU
Bolivar bailón y Ramón burneo,NEU
no llego la unidad en el tiempo ,N
No llego,N
Me llamo porq me quiere cobrar 4$ desde la Lorena hasta la rio Zamora.. Por la Cava.. Fatal,N
Nunca llegó,N
Nqbwbbe ,NEU
Esperando,N
Llegomotro,NEU
Me equivoqué de dirección,NEU
Esperándolo y nada,N
Disculpe ya salio ,NEU
No quería poner taxímetro Actitud desagradable,N
"Mal estado de vehículo, Uso teléfono hablo/chat",N
Muy bien ,P
Puntualidad,NEU
Amigo no se malito no me cancele,N
Mala atención,N
cobro muy caro abusivamente,N
"Atento y cordial, Viaje agradable, Puntualidad, Wifi/carga de celulares, Servicio de llamadas",P
Malo ,N
Ok,P
Atento y cordial,P
No llego ,N
Servicio de llamadas,NEU
Cancelar,N
Excelente,P
Viaje agradable,P
Venga,NEU
Canceló solicitud,N
Bueno ,P
Pésimo servicio esperando y me cancela,N
Buen trato,P
Atento y cordial,P
No pude llegar,NEU
Eso es una falta de respeto,N
Cancelo,N
Atento y cordial,P
Mal la direccion,NEU
Actitud desagradable,N
Nunca llego ,N
NonllegoNunca llegó,N
no llego pronto ,N
Viaje agradable,P
Gracias,P
no llego a su destino ,N
Canceló solicitud,N
"Mal trato al pasajero , exceso de velocidad ,abusivo para cobrar , cobra demás de lo que es",N
Buena ,P
Atento y cordial,P
Ya no lo necesito,NEU
"Atento y cordial, Viaje agradable, Puntualidad",P
"Puntualidad, Atento y cordial, Viaje agradable",P
"Atento y cordial, Viaje agradable, Puntualidad",P
Atento y cordial,P
Atento y cordial,P
No llegó,N
"Atento y cordial, Viaje agradable, Puntualidad",P
ya no saldré,NEU
no deseamos,NEU
Mal,N
Atento y cordial,P
"Atento y cordial, Viaje agradable, Puntualidad",P
Excelente ,P
Puntualidad,NEU
Nunca llegó,P
Puntualidad,NEU
Tiempo mas de 8 minutos. Esperé pero nadie llegó. Tuve que coquer otro taxi que pasava alli vacio. Servicio pesimo. Aplicacion complicada de usar. Prefiero llamar con telefono.,N
 no llego al lugar ,N
Pésimo servicio,N
Nunca llegó,N
Viaje agradable,P
Ya no necesito gracias,NEU
Atento y cordial,P
"El cliente, ya no desea. ",NEU
😤,N
No se ubica en la dirección,N
No valeCanceló solicitud,N
HP,N
Llevó otro cliente,N
Evitar el claxon,N
Urgencia,NEU
tiempo de espera ,NEU
le llamamos varia veces no contestoLlevó otro cliente,N
Atento y cordial,P
No hizo nada ,N
Nunca llegó,N
"Atento y cordial, Viaje agradable",P
Se demora mucho,N
Puntualidad,NEU
Presentación personal,NEU
Puntualidad,NEU
"Canceló solicitud, Nunca llegó",N
Nunca llegó,N
L ,NEU
Excelente  ,P
Atento y cordial,P
Ok ,P
Nunca llegó,NEU
Estaba lejos de la ubicación  ,N
BuenoAtento y cordial,N
GPS mal,N
Servicio de llamadas,NEU
Se apagó el celular,NEU
"Atento y cordial, Viaje agradable, Puntualidad, Wifi/carga de celulares, Servicio de llamadas",P
Llevó otro cliente,N
Mal servicio,N
Bien  ,P
Muchas gracias por su comprension,P
Oteo,NEU
No llego,N
Mal servicio,N
"Atento y cordial, Viaje agradable, Puntualidad",P
Puntualidad,NEU
No es la direccion,N
Ok ,P
"Atento y cordial, Viaje agradable, Puntualidad",P
las calles fueron dadas por error,NEU
Ya pedimos otro taxi,NEU
"Viaje agradable, Puntualidad",P
Muy buena  ,P
Si no va a venir para que ofre e,N
Cancelada por Call Center.,N
Gracias ,P
Hsjeje,NEU
Puntualidad,NEU
Nunca llegó,N
Viaje agradable,P
Viaje agradable,P
Actitud desagradable,N
No cumplió,N
Pero lo estoy esperando,N
Servicio de llamadas,NEU
Nunca llegó,N
Cancelada por Call Center.,N
Ninguno ,NEU
Actitud desagradable,N
No seda,N
Puntualidad,NEU
Buen servicio,P
Pésima Canceló solicitud,N
Acepta la carrera pero al llegar al redondel coge otra carrera y se retira eso no está bien si no va a cumplir qué no acepte la carrera ,N
Puntualidad,NEU
Muy malo ,N
Eramos 4 personas y nos quizo llevar ,N
Lllame y no contestó Nunca llegó,N
no llego.....,N
Pésimo servicio,N
Cancela sin motivo,N
"Atento y cordial, Viaje agradable, Puntualidad, Servicio de llamadas",P
Puntual ,NEU
Esta en otra ruta. ,N
No llegoNunca llegó,N
Se molesta porque no se orienta en la ubicación,N
Pésimo servicio  acepta para luego cancelar,N
"Atento y cordial, Viaje agradable, Puntualidad",P
Nunca ñlego,N
Me equivoque de función necesitaba deliver,NEU
Puntualidad,NEU
Nunca llegó,N
Nunca llego mal servicio,N
"En la cayambeAtento y cordial, Viaje agradable",P
No llegó,N
Nunca llegó,N
Llevó otro cliente,N
Haces perder tiempo,N
Mal pésimo no lo recomiendo  ,N
Nunca llegó,N
"Atento y cordial, Viaje agradable, Puntualidad",P
Pendejos no hagan perder el tiempo,N
Pésimo servicio,N
Nunca llegó,N
Atento y cordial,P
Actitud desagradable,N
Mal conductor,N
El gps de la aplicación esta fallando ,NEU
Nunca llegó,N
"Muy buen profesional, gracias.",P
Bien,P
Muy  bien,P
Puntualidad,NEU
Atento y cordial,P
No,NEU
Canceló el pedido,N
N9 me quiso hacer la carrera,N
No sabe ma dirección Nunca llegó,N
Ya llegó otra unidad disculpe,NEU
Nunca llego,N
Puntualidad,NEU
Nunca llegó,N
Atento y cordial,P
Nunca llegó,N
me vinieron a recoger ,NEU
Ya no deseo mil disculpas,NEU
otro motivo ,NEU
ehehdhejsjdjdjdjdjdjd,NEU
"Atento y cordial, Viaje agradable, Puntualidad, Wifi/carga de celulares, Servicio de llamadas",P
"ExcelenteAtento y cordial, Puntualidad, Viaje agradable",P
Puntualidad,NEU
No quiero taxi,N
"literalmente 1 hora esperando bajo la lluvia, nunca vino y se hizo el loco, pésimo servicio.",N
no llegó no monopolio,N
"Atento y cordial, Viaje agradable, Puntualidad",P
Ubicación equivocado,NEU
toque de queda,NEU
Servicio de llamadas,NEU
Cancelo,N
Uuuyyu,NEU
Mal servicio,N
Disculpa ,NEU
Pésimo servicio,N
Puntualidad,NEU
Acepto pero nunca llego,P
No llego,N
Se apagó mi celular,NEU
Puntualidad,NEU
Ni llego el taxi ,N
El señor taxista comentó que le salió mal la ubicación,N
Pesimo,N
Atento y cordial,P
Canceló solicitud,N
En el tarifario desde la pasos kanki y hualparrimachi hasta el IC norte de la Melchor salio que la carrera tenia un costo de 53 bs,N
"Actitud desagradable, Nunca llegó",N
Excelente,P
Llevó otro cliente,N
Nunca llegó,N
"Atento y cordial, Puntualidad",P
Direccion incorrecta,N
"Atento y cordial, Viaje agradable, Puntualidad",P
Gracias,P
Atento y cordial,P
"Atento y cordial, Viaje agradable, Puntualidad, Wifi/carga de celulares, Servicio de llamadas",P
Excelente servicio,P
Muy atento Puntualidad,P
"Atento y cordial, Puntualidad",P
"Atento y cordial, Viaje agradable, Puntualidad",P
Atento y cordial,P
me equivoqué de ubicación ,NEU
No yega,N
cancelada,N
Puntualidad,NEU
Me subi en el taxi equivocado ,NEU
No acepte si no va a venir,N
Nsndjdjfjfjfjf,NEU
Puntualidad,NEU
Muy lejos,N
se canceló la salida ,NEU
Disculpe ya no Atento y cordial,NEU
Nunca llegó,N
buen servicio ,P
Atento y cordial,P
no está actualizado ,NEU
Jdjd,NEU
No llego,N
Puntualidad,NEU
Servicio de llamadas,NEU
 No nos quiso llevar Actitud desagradable,N
"Atento y cordial, Viaje agradable, Puntualidad",P
No llego,N
"Me dijeron 2 minutos, espere 5 y nunca llego ni me llamó Nunca llegó",N
"Atento y cordial, Viaje agradable, Puntualidad, Wifi/carga de celulares, Servicio de llamadas",P
Nunca llegó,N
Atento y cordial,P
Viaje agradable,P
Nunca llegó,N
Nos rayamos con la hora,NEU
Si no va a llegar no acepte la solicitud por favor,N
Viaje agradable,P
No voy,NEU
El tiempo de espera de la solicitud ha caducado,N
Cancelada por Call Center.,N
Puntualidad,NEU
"Atento y cordial, Viaje agradable, Puntualidad",P
"Atento y cordial, Viaje agradable, Puntualidad, Wifi/carga de celulares, Servicio de llamadas",P
no llego a la ubicación ,N
Ttttggg,NEU
Disculpa,NEU
Error al solicitar el taxi,N
"Atento y cordial, Viaje agradable, Puntualidad",P
Nunca llegó,N
Puntualidad,NEU
Cancelo,N
El taxímetro estaba dañado ,N
Cancelada por Call Center.,N
Exceso de precio  ,N
Muy bien,P
Disculpe ya no va a venir???,N
Hhhbhjj,NEU
Mala actitud Actitud desagradable,N
Jamás llego el taxi Nunca llegó,N
Muy mala experiencia pesimo servicio y poca calidad humana  ,N
no llego la unidad ,N
Nunca llegó,N
Atento y cordial,P
Gracias,P
Puntualidad,NEU
Actitud desagradable,N
mal servicio ,N
bsbdndnsnsnsnsns,NEU
"Atento y cordial, Viaje agradable, Puntualidad, Wifi/carga de celulares, Servicio de llamadas",P
muchas gracias y disculpe ,P
Viaje agradable,P
Se fue a otro lado Nunca llegó,N
Ok ,P
Mal servicio,N
Amigo no encuentro mis llaves.,NEU
Muchas gracias ya no,NEU
"Viaje agradable, Puntualidad",P
no llegó otra unidad,N
Pésimo servicio Llevó otro cliente,N
No llego y llame es un malcriado,N
me equivoqué ,N
Viaje agradable,P
Cancelada por Call Center.,N
Jsjejsjwjwjwjwjqjwjwne,NEU
Vale tres atados como taxi.. Es el peor taxi que me ha llevado... Me dejo botado... Aplique la sanción adecuada ,N
Canceló solicitud,N
UNunca llegó,N
Ya tengo otro unidad gracias,NEU
No llego  ,N
Amigo discukpe estoy en otra direccion  ,NEU
Fui en otra unidad,NEU
Viaje agradable,P
Viaje agradable,P
Llevó otro cliente,N
Ya llego otro taxi,NEU
Atento y cordial,P
Atento y cordial,P
Me canceló,N
Pésimo servicio por favor sancionar,N
Canceló solicitud,N
👍 ,P
No cumplió con la carrera,N
Mala atención no trabaje si no tiene permiso de circulación,N
Canceló solicitud,N
No gracias,N
"Canceló la carrera sin más, pésimo servicio",N
Pésimo servicio,N
No pudo llegar con la ubicación que marca el gps,N
Canceló solicitud,N
Cancelada por Call Center.,N
Viaje agradable,P
Atento y cordial,P
Mé quedé,NEU
Atento y cordial,P
también se paso de verga,N
Fallido ,N
No vino,N
Mal servicioNunca llegó,N
No ,N
Actitud desagradable,N
"Atento y cordial, Viaje agradable, Puntualidad, Servicio de llamadas",P
Buena ,P
Nunca llegó,N
Pésimo servicioNunca llegó,N
"Atento y cordial, Viaje agradable, Puntualidad",P
Nunca llegó,N
Precio exagerado  ,N
No llego rápido  ,N
Kycoyxuf7,NEU
Buena.  ,P
No sllego,N
disculpe ya no deseo la unidad,NEU
"Me quedare en casa, lo siento ",NEU
lo siento alguien equivocado lo pidió ,NEU
Bien ,P
"Velocidad excesiva, Canceló solicitud",N
No llegó ,N
Nunca l go ,N
"Me tarde demasiado yo, disculpe",N
la unidad no llegó y no pude coger el taxi ,N
Canceló solicitud,N
Necesitaba urgente,N
"Atento y cordial, Viaje agradable, Puntualidad",P
Viaje agradable,P
Atento y cordial,P
Direccion equivocada,N
Atento y cordial,P
Puntualidad,NEU
"Atento y cordial, Puntualidad",P
"Que paso, con la solicitud de la unidad",NEU
Ya,NEU
Nunca llegó,N
Pesimo servicio cancelo la solisitud,N
Demasiado lejos para el tiempo reportado ,N
Incumplimiento,N
Gracias,P
mal ubicación del área,N
Muy buena  ,P
Ok,P
"Atento y cordial, Puntualidad",P
"Guapo el conductor Atento y cordial, Viaje agradable, Puntualidad, Wifi/carga de celulares, Servicio de llamadas",P
Nunca llegó Nunca llegó,N
Capacidad de Personas,NEU
Canceló el taxi,N
Muy bueno ,P
"Atento y cordial, Viaje agradable",P
Llevó otro cliente,N
está demasiado lejos ,N
Cancelada por Call Center.,N
Atento y cordial,P
Atento y cordial,P
Super che veré el señor conducro,P
"Ya llego uno, gracias.",NEU
Canceló solicitud,N
Puntualidad,NEU
Gracias,P
Atento y cordial,P
Una falta de respeto,N
Actitud desagradable,N
Bbhhhhhh,NEU
Cancelada por Call Center.,NEU
Nunca llegó,N
Presentación personal,N
Viaje agradable,N
Si llegó,P
Que pasó amigo,N
L ,NEU
Dndndnd,NEU
Llevó otro cliente,N
Atento y cordial,P
Zzzz,NEU
😔 ,N
Ñññpñp,NEU
Actitud desagradable,N
Kbron,N
Nunca llegó,N
Puntualidad,NEU
"ExcelenteAtento y cordial, Puntualidad",P
Viaje agradable,P
Puntualidad,NEU
Pide más tiempo ,N
Canceló solicitud,N
No quiso hacer el servicio,N
Nunca llegó,N
Cambio de dirección,N
Me falta tiempo,NEU
Excelente  ,P
No voy a utilizar el taxi en este momento muchas gracias,NEU
Disculpe gracias ,NEU
Viaje agradable,P
Puntualidad,NEU
Se me presento un inconveniente y no podré salir este momento,NEU
Hhhhh,NEU
Atento y cordial,P
"Mal atención no lo recomiendo, el señor muy apurado y ocupando el teléfono mientras maneja ",N
Ya aborde otro taxi ,NEU
No llegó Nunca llegó,N
Hablé serio,N
Tenia prisa,NEU
No viene y deja esperando al usuario ,N
Viaje agradable,P
Nunca llegó,N
"Actitud desagradable, Cobro inadecuado",N
Canceló solicitud,N
"Atento y cordial, Viaje agradable, Puntualidad",P
Pésimo servicio 😡,N
"Viaje agradable, Atento y cordial, Puntualidad",P
no llego no llego ,N
"Atento y cordial, Viaje agradable, Puntualidad",P
JsjdjdVehículo incorrecto,NEU
Finalista ,NEU
Estaba con otra carrera  ,NEU
Llego otra unidad que mintió que era él y no me di cuenta,NEU
Nuy ,NEU
"Atento y cordial, Puntualidad",P
No se para que les dan permisos de trabajar si no saben llegar a una dirección y la cancelan y hacen,N
No llego,N
"Atento y cordial, Viaje agradable, Puntualidad",P
Actitud desagradable,N
Está muy lejos la unidad,N
Tardo mucho tiempo  ,N
Ninguno,NEU
Q pasó?,N
Calle no igresada,NEU
Buen servicio gracias Puntualidad,P
Atento y cordial,P
Viaje agradable,P
Perdón,NEU
Maleante quería cobrar mas,N
Muy mala el taxi se fue sin explicación ,N
Tardó mucho,N
Mal servicio del sr m cancel la unidad,N
No me llevo,N
No llego la unidad Canceló solicitud,N
Cancelo la carrera el chofer,N
"Lo cancelo, ocurrió un imprevisto",N
Exc,NEU
"Atento y cordial, Viaje agradable, Puntualidad",P
"Atento y cordial, Viaje agradable, Puntualidad",P
"Atento y cordial, Viaje agradable, Puntualidad",P
No ,NEU
"Atento y cordial, Viaje agradable, Puntualidad, Wifi/carga de celulares, Servicio de llamadas",P
Gracias,P
Atento y cordial,P
Se me olvidó mi celular en el taxi y al ratito q me baje de la unidad llame y ya lo sabían apagado xfavor comunicarme con mi l chófer de la unidad ,N
Bien Viaje agradable,P
Atento y cordial,P
Atento y cordial,P
ya no necesito el taxi ,NEU
Atento y cordial,P
El señor tuvo una pésima actitud y no me dejó en el lugar correcto Actitud desagradable,N
no llegó no,N
Atento y cordial,P
"Atento y cordial, Viaje agradable, Puntualidad",P
Puntualidad,NEU
Viaje agradable,P
"Viaje agradable, Puntualidad",P
Buena,P
demasiado lejos ,N
Atento y cordial,P
no lkegooooooo,N
Muy lento ,N
No vinoe hizo esperar yno canceló a tiempo,N
Viaje agradable,P
"Atento y cordial, Viaje agradable, Puntualidad",P
Cancelada por Call Center.,N
Ok ,P
Pésimo servicio,N
Canceló solicitud,N
Atento y cordial,P
Atento y cordial,P
Mal,N
OkPuntualidad,P
Viaje agradable,P
Me camcelo la solicitud,N
Ya no lo necesito  ,NEU
Actitud desagradable,N
No llego en el tiempo ,N
Me hozo esperar tanto y no llego,N
Otro taxo,NEU
Atento y cordial,P
Viaje agradable,P
"Atento y cordial, Viaje agradable, Puntualidad",P
Ssßsssssss,NEU
mal servicio ,N
Ya llegó otra unidad más temprano,NEU
Mal servicio ,N
"Atento y cordial, Viaje agradable, Puntualidad",P
Gracias Atento y cordial,P
Atento y cordial,P
Atento y cordial,P
No vino ,N
Puntualidad,NEU
"Viaje agradable, Puntualidad",P
Emergencia personal,NEU
no llego la unidad el sistema mando a otra ubicación ,N
Puntualidad,NEU
Llegó un familiar  ,NEU
Puntualidad,NEU
Otro taxi,N
Puntualidad,NEU
No llego,N
nunca llego,N
"Atento y cordial, Viaje agradable, Puntualidad",P
"Canceló solicitud, Nunca llegó",N
Yttyyy,NEU
necesito otro,NEU
Disculpa ya me recibieron,NEU
Cancelada por Call Center.,N
Pésimo servicio,N
"Atento y cordial, Puntualidad",P
La unidad se encuentra demasiado lejos,N
Mal servicio,N
Canceló solicitud,N
"Atento y cordial, Viaje agradable, Puntualidad",P
Atento y cordial,P
"Excelente servicio. Muy educadoAtento y cordial, Viaje agradable, Puntualidad",P
Cancelada por Call Center.,N
Gracias ,P
El taxi si llego,P
Atento y cordial,P
ya conseguí unidad ,NEU
Nunca llego la unidadNunca llegó,N
Tuve que posponer mi salida,NEU
100,NEU
Atento y cordial,P
"Atento y cordial, Puntualidad",P
Aborde otra unidad ,NEU
El taxi está demasiado lejos y aún así me manda solicitud. Solo quiere ir al centro. Que pésimo servicio,NEU
Viaje agradable,P
mal ubicación ,N
Pésimo servicio,N
Me perece pésimo que acepten la carrera y después la cancelen no dan un buen servicio,N
Dice que a tres minutos y está demasiado lejos,N
jdjdjdjddjdjdjdjd,NEU
Encontré uno,NEU
Llevó otro cliente,N
Puntualidad,NEU
Ya no,NEU
Atento y cordial,P
Se tomó otra unidad,NEU
"Atento y cordial, Viaje agradable, Puntualidad",P
ya no nesecito.,NEU
Atento y cordial,P
la unidad cancelo,N
"Atento y cordial, Viaje agradable, Puntualidad",P
Atento y cordial,P
No tiene vuelto Actitud desagradable,N
Ya no necesito,NEU
Tngo prisa,NEU
Nunca llegó,N
Pesimo atenccion,N
"Atento y cordial, Viaje agradable, Puntualidad",P
Cobro inadecuado,N
Cancelada por Call Center.,N
No llego Nunca llegó,N
No puedo irme aun,NEU
Cancelada por Call Center.,N
Bien ,P
La cliente se fue,N
Nunca llego,N
No llego,N
Me dejó mal y me faltó el respeto ,N
Atento y cordial,P
Actitud desagradable,N
Canceló solicitud,N
No pude ir,N
Puntualidad,NEU
Error pedi mal,NEU
Puntualidad,NEU
Reunión de trabajo,NEU
Atento y cordial,P
Viaje agradable,P
No era la dirección que marque  ,N
salí muy tarde! lo siento ,NEU
"Excelente servicio. Atento y cordial, Viaje agradable, Puntualidad",P
"Atento y cordial, Puntualidad",P
"Atento y cordial, Viaje agradable, Puntualidad, Servicio de llamadas",P
Puntualidad,NEU
No hizo la encomienda ,N
Atento y cordial,P
Usuarios cancela unidad,NEU
Viaje agradable,P
Mal servicio  no cumple ni tampoco tiene la paciencia en colaborar mientras uno siempre utiliza.,N
Malo  ,N
Atento y cordial,P
Vehículo incorrecto,NEU
Pesimo servicio,N
Mala,N
"Atento y cordial, Puntualidad",P
Viaje agradable,P
Viaje agradable,P
Viaje agradable,P
Canceló solicitud,N
Mal dirección,N
Buenos días les pongo claro explicando la di tec y no llegan ,N
Puntualidad,NEU
Atento y cordial,P
Excelente ,P
"Atento y cordial, Viaje agradable, Puntualidad",P
Viaje agradable,P
Excelente ,P
Llevó otro cliente,N
Se tarda mucho,N
No necesito,NEU
"Atento y cordial, Viaje agradable, Puntualidad",P
la unidad no llegó ,N
"Atento y cordial, Viaje agradable, Puntualidad",P
se canceló el servicio por motivos ajenos ,N
Puntualidad,NEU
Atento y cordial,P
Mal funcionamiento de la aplicación,N
Viaje agradable,P
"Deberían ser mas empáticos, optan por el camino más largo, no se si para cobrar más o qué! Pero a veces vamos con el tiempo justo.. ",N
Atento y cordial,P
Nunca llegó,N
Puntualidad,NEU
Canceló,N
Puntualidad,NEU
"Atento y cordial, Viaje agradable, Puntualidad",P
"Atento y cordial, Viaje agradable, Puntualidad",P
Ok ,P
Ingrese su comentario,NEU
El tiempo de espera de la solicitud ha caducado,N
no pude esperar,NEU
Viaje agradable,P
En otro lado ,NEU
Mal la ubicación,N
Tener cambio (sueltos),NEU
no llegó el taxi ,N
Muy lejos,N
nsjdnsjsjsdj,NEU
No mlegó,N
No me ubica,N
"Atento y cordial, Puntualidad",P
Buen servicio ,P
"Viaje agradable, Puntualidad",P
Servicio de llamadas,NEU
Viaje agradable,P
Mal la dirección,N
Gracias ya ocupamos otra unidad .  ,NEU
Me dijo que pida otro,NEU
Gracias  ,P
Nunca llegó,N
👍 ,P
"Atento y cordial, Viaje agradable, Puntualidad, Wifi/carga de celulares, Servicio de llamadas",P
Viaje agradable,P
no llega la unidad asignada ,N
Nunca llegó,N
Servicio de llamadas,NEU
Puntualidad,NEU
Ya no necesito,NEU
Actitud desagradable,N
Buena ,P
"Atento y cordial, Viaje agradable, Puntualidad",P
Atento y cordial,P
"Servicio de llamadas, Viaje agradable",P
La persona que iba a usar el servicio tomó otra unidad por equivocación mientras esperaba afuera,NEU
Cancelada por Call Center.,N
"Atento y cordial, Viaje agradable, Puntualidad",P
Llego otra unidad,NEU
la unidad no llegó ,N
Puntualidad,NEU
Tuve un inconveniente.,NEU
Mal,N
No me hizo la carrera porque no tenía suelto más espere envano  ,N
Viaje agradable,P
Ya no requiero,NEU
Atento y cordial,P
Nada malo,NEU
Canceló solicitud,N
YA no deseo,NEU
La operadora cancela al tener unidad asignada.,N
"Atento y cordial, Viaje agradable, Puntualidad",P
"Canceló solicitud, Nunca llegó",N
Tardó más del tiempo estimado ,N
Ya encontre taci,NEU
Canceló solicitud,N
Canceló solicitud,N
Se fueCanceló solicitud,N
El sr se niega a dar el servicio ,N
Buen servicio Presentación personal,P
Ks ,NEU
Me confundi,NEU
Nunca vino,N
Pésimo servicio  ,N
No llegó,N
No ,NEU
Canceló solicitud,N
Yo cancelo la solicitud ,N
"Atento y cordial, Viaje agradable, Puntualidad",P
Hecror en dirección,N
"Atento y cordial, Viaje agradable, Puntualidad",P
Atento y cordial,P
"Atento y cordial, Viaje agradable, Puntualidad",P
Muy lejos,N
Bu no ,P
Bueno,P
Nunca llegó,N
Bueno ,P
Atento y cordial,P
Actitud desagradable,N
JhsjssNunca llegó,N
hjfkhuggujhg bifhlln lhfhn,NEU
Canceló solicitud,N
La ,NEU
Nunca llego,N
Si no quieren trabajar no salgan y dejen de hacerse la burla y perjudicar a la gente,N
Otros,NEU
"Atento y cordial, Viaje agradable, Puntualidad",P
"Atento y cordial, Puntualidad",P
perdooonnnn,NEU
Tener cambio (sueltos),NEU
ok ,P
Emosionante ,NEU
Viaje agradable,P
"Muy amable y educado gracias Atento y cordial, Viaje agradable, Puntualidad",P
la ubicación de la aplicación está equivocada ,N
bbllkkjjjhh,NEU
la unidad está muy lejos no llega en el tiempo indicado ,N
Puntualidad,NEU
Recojo otro pasajero,N
"Atento y cordial, Viaje agradable, Puntualidad, Wifi/carga de celulares, Servicio de llamadas",P
demora mucho,N
Atento y cordial,P
Muy lejos,N
Atento y cordial,P
Atento y cordial,P
Canceló solicitud,N
Puntualidad,NEU
Nunca llegó,N
Me equivoque,NEU
No pude salir ,NEU
"Me vienen a buscar, disculpas",NEU
Gracias  ,P
"Atento y cordial, Puntualidad",P
"Atento y cordial, Viaje agradable, Puntualidad",P
Atento y cordial,P
El clima,NEU
Mal servicio,N
Falta de profecionalismo,N
"Atento y cordial, Puntualidad, Viaje agradable",P
Bien gracias  ,P
Para eso era que avise antes,N
Nunca llegó,N
Atento y cordial,P
Nunca llegó,N
Ok ,P
O ,NEU
No llegoNunca llegó,N
No llega ,N
Nunca confirmó y no me aviso que cancelaria el servicio,N
Nunca llegó  ,N
tuve un inconveniente ,NEU
Que falta de profesionalismo,N
Atento y cordial,P
"Atento y cordial, Viaje agradable",P
Pésimo,N
Demora,NEU
"Atento y cordial, Wifi/carga de celulares",P
Puntualidad,NEU
Di mal direccion,NEU
Atento y cordial,P
Llegó una emergencia a piso y está mk firma,NEU
Atento y cordial,P
Atento y cordial,P
Nunca llegó,N
"Atento y cordial, Viaje agradable, Puntualidad",P
Muy bueno ,P
Excelente ,P
Ya no necesito,NEU
ladirección se cargo incorrectamente ,NEU
Porque no vino,N
Nunca llego,N
No llego  ,N
Hfvhjj,NEU
Demasiado tráfico,NEU
Lejania,N
Pedido por niño,NEU
Mal servicio,N
Puntualidad,NEU
.... ,NEU
"Atento y cordial, Viaje agradable",P
Falta de datos,NEU
No responde pésimo servicio,N
Canceló solicitud,N
Canceló solicitud,N
Llevó otro cliente,N
Puntualidad,NEU
Puntualidad,NEU
Canceló solicitud,N
no llego a la ubicación ,N
Atento y cordial,P
Puntualidad,NEU
Actitud desagradable,N
emergencia familiar ,NEU
Mmmggcff,NEU
Even espera Nunca llegó,N
Puntualidad,NEU
Nunca llegó,N
Pésimo servicio,N
Viaje agradable,P
no deseo el servicio ,NEU
Nunca llegó,N
Viaje agradable,P
"Atento y cordial, Viaje agradable",P
Puntualidad,NEU
"Espere 15 minutos y nunca llego que clase de servicio es este, ni siquiera contestan ",N
"Muy gentil, esperó que me abrieran la puerta. Atento y cordial, Viaje agradable, Puntualidad",P
Viaje agradable,P
"Canceló solicitud, Nunca llegó",N
Nunca llegó,N
Sin papel dice ,NEU
Viaje agradable,P
Canceló solicitud,N
Viaje agradable,P
Puntualidad,NEU
Viaje agradable,P
Servicio de llamadas,NEU
1000 diaculpas,NEU
"Atento y cordial, Viaje agradable, Puntualidad, Wifi/carga de celulares, Servicio de llamadas",P
Atento y cordial,P
"Atento y cordial, Viaje agradable",P
Herror,NEU
No sé va,NEU
Canceló solicitud,N
"Atento y cordial, Puntualidad",P
Se demoro,N
Cancelada por Call Center.,N
Canceló solicitud,N
surgió un inconveniente ,N
Cobro más de lo que era y se fue por un camino más largoCobro inadecuado,N
disculpe ya no necesitamos ,NEU
buena ,P
"Viaje agradable, Puntualidad, Atento y cordial",P
Muy buena persona excelente choferViaje agradable,P
BuenaCanceló solicitud,N
"Velocidad excesiva, Llevó otro cliente",N
Viaje agradable,P
Nunca llegó,N
"Canceló solicitud, Nunca llegó",N
"Atento y cordial, Viaje agradable, Puntualidad",P
Nunca llegóNunca llegó,N
Puntualidad,NEU
Ok ,P
"Atento y cordial, Viaje agradable, Puntualidad",P
yo equivoqué ,NEU
Nunca llegó,N
Le dije por las Americas incluso le dije que para evitar él traficoQue se guíe mejor en el mapa,N
Nunca llegó,N
no llego ........,N
Canceló solicitud,N
Lo peor muy impaciente,N
Mal servicio cancelar ya aceptada la carrera.,N
"Atento y cordial, Viaje agradable, Puntualidad",P
"Canceló solicitud, Nunca llegó",N
"Me canceló la solicitud estaba esperando hace ratoCanceló solicitud, Actitud desagradable",N
no llegó la unidad ,N
No saldré,NEU
Puntualidad,NEU
Bueno  ,P
Atento y cordial,P
"GraciasAtento y cordial, Viaje agradable, Puntualidad",P
Atento y cordial,P
está muy lejos ,N
ya no pude tomar ese taxi porque le di mal ladirección ,NEU
"Atento y cordial, Viaje agradable, Puntualidad",P
Viaje agradable,P
El taxi está lejos no llegará en el tiempo indicado,N
.........,NEU
no llega la unidad,N
Pésimo,N
se desvió de la ubicación ,N
Viaje agradable,P
Cancelada por Call Center.,N
"Canceló solicitud, Nunca llegó",N
La operadora cancela al tener unidad asignada.,N
No llego en el tiempo esperado  ,N
esta demasiado lejos y no va a llegar en dos minutos ,N
mal ubicación ,N
No llegueNunca llegó,N
Cancelar,N
Actitud desagradable,N
No llega  ,N
Ya no es necesario,NEU
Puntualidad,NEU
"Lo siento, cancelo.",N
Uso teléfono hablo/chat,N
 No pude tomar el taxi tengo una urgencia gracias ,NEU
Nunca llegó,N
Excelente ,P
.l.,N
Nunca llegó,N
"Atento y cordial, Viaje agradable, Puntualidad",P
........Canceló solicitud,N
"Atento y cordial, Viaje agradable, Puntualidad",P
No quiero taxii,NEU
Problema aparte,NEU
Viaje agradable,P
"Atento y cordial, Viaje agradable, Puntualidad",P
Actitud desagradable,N
Se me presentó una energía y no puedo salir,NEU
Buen servicio  ,P
Buen servicio ,P
"Atento y cordial, Viaje agradable, Puntualidad",P
Atento y cordial,P
Ubicación equivocada,N
Atento y cordial,P
"Muy mal servicio, segunda ocasión que me cancela la carrera",N
excelente jajajaja lelelkeneoe,P
Se fue,N
No llegó ,N
Que cobre lo justo,N
Puntualidad,NEU
mal ubicación ,N
ya no quiero taxi,NEU
El taxímetro estaba alterado el conductor se puso en actitud agresiva  ,N
Viaje agradable,P
Atento y cordial,P
Bien ,P
Y,NEU
Cancela solicitud,N
Hsgajfbfnnf,NEU
Quiso cobrar demás de la tarifa ,N
Bueno,P
No quiero,NEU
Encontre un taxi,NEU
inconvenientes con la direccion seleccionada,NEU
Bueno Atento y cordial,P
Velocidad excesiva,N
"SjsbjabajsbajsbwisVelocidad excesiva, Canceló solicitud",NEU
GPS no marca bien la dirección  ,NEU
Puntualidad,NEU
Solicitamos deliver y no contaba con efectivo aparte de eso llego a la dirección que no era la correcta ,N
error en dirección ,NEU
Viaje agradable,P
Lo siento,NEU
.......,NEU
Ya no quiero,NEU
Atento y cordial,P
"Atento y cordial, Viaje agradable, Puntualidad, Wifi/carga de celulares",P
Puntualidad,NEU
Me vienen a ver,NEU
Cancelada por Call Center.,N
Buen servicio ,P
Nunca llegó,N
Nunca llegó,N
"Atento y cordial, Viaje agradable, Puntualidad",P
"Atento y cordial, Viaje agradable, Puntualidad",P
Viaje agradable,P
Nunca llego Nunca llegó,N
Ya me fui,NEU
Puntualidad,NEU
Actitud desagradable,N
"Atento y cordial, Viaje agradable, Puntualidad",P
Canceló solicitud,N
no hay nadieeeeeeeeseee,N
"Esta demaciado lejos, perdón",N
Atento y cordial,P
No fue capaz de esperar a una persona con silla de ruedas mal servicio e impaciente el chófer,N
Ñ,NEU
Muy buena  ,P
"Atento y cordial, Viaje agradable",P
"Puntualidad, Atento y cordial, Viaje agradable",P
Viaje agradable,P
Atento y cordial,P
"Atento y cordial, Viaje agradable, Puntualidad",P
Estoy de prisa,NEU
Pésimo Nunca llegó,N
Bien ,NEU
Llevó otro cliente,N
Canceló solicitud,N
Bn,NEU
No llego,N
Al querer abordar el taxi ya estaba otro pasajero Llevó otro cliente,N
Atento y cordial,P
No me puedo irUso teléfono habló/chat,NEU
Nunca llegó,N
Wifi/carga de celulares,NEU
No llega ,N
"Atento y cordial, Viaje agradable, Puntualidad, Wifi/carga de celulares, Servicio de llamadas",P
No llego,NEU
"Atento y cordial, Viaje agradable, Puntualidad",P
"Atento y cordial, Viaje agradable, Puntualidad",P
Person.me llefan a ver ,NEU
"Mil disculpas, mi abuelo hizo doble llamada.  ",NEU
Coji otro taxi,NEU
no veo el taxi,NEU
Ejkdkdke ,NEU
Viaje agradable,P
Estaba con el tiempo disculpas,NEU
No llego Nunca llegó,N
Viaje agradable,P
Viaje agradable,P
Tuve una emergencia tuve que tomar otro taxi mil disculpas ,NEU
Llego otro transporte,NEU
Nada,NEU
mal la dirección ,NEU
Actitud desagradable,N
Puntualidad,NEU
no entiendo su App,NEU
"Atento y cordial, Viaje agradable, Puntualidad",P
Nunca llegó,N
"Canceló solicitud, Nunca llegó",N
Nunca llegó donde marque el gps,N
Canceló solicitud,N
Ggtvhgdhh,NEU
No llegó el conductor,N
Fgh ,NEU
Localidad incorrecta Canceló solicitud,N
Servicio de llamadas,NEU
Cambio localidad Canceló solicitud,N
No tenía medidas de bio seguridad sólo tenía barbijo,N
"Atento y cordial, Viaje agradable, Puntualidad",P
Nunca llegó,N
Encontre movilidad particular,NEU
"No andaba solo, sino con otra persona",N
Atento y cordial,P
Atento y cordial,P
Cancelar,NEU
Se me acabaron los datos,NEU
Viaje agradable,P
Canceló solicitud,N
Atento y cordial,P
Nunca llegoNunca llegó,N
Mal pedido de ubicación,NEU
La operadora cancela al tener unidad asignada.,N
"Atento y cordial, Viaje agradable, Puntualidad",P
Incumplida,N
Puntualidad,NEU
Me demoro tuve un  inconveniente,NEU
Ya no necesito,N
Puntualidad,NEU
No llego Nunca llegó,NEU
Atento y cordial,P
Nunk llegó Nunca llegó,N
"Viaje agradable, Puntualidad",P
Nunca llego Nunca llegó,N
"Atento y cordial, Puntualidad",P
Mal la dirección,NEU
Mal la dirección,NEU
Cancelada por Call Center.,N
esta muy lejos ,N
Canceló solicitud,N
Llevó otro cliente,N
Atento y cordial,P
"Viaje agradable, Atento y cordial, Puntualidad",P
la unidad no llego,N
Wifi/carga de celulares,NEU
No voy a viajar gracias,NEU
Apuro,NEU
"Atento y cordial, Puntualidad",P
bien,P
Cancelada por Call Center.,N
Gracias ,P
La aplicación no respondia,NEU
Estoy de apuro,NEU
nunca llego la unidad ,N
Nunca llegó,N
Excelente  ,P
Viaje agradable,P
Error al pedir taxi,NEU
...............,NEU
No llego  ,N
Viaje agradable,P
Canceló solicitud,N
"Atento y cordial, Viaje agradable, Puntualidad",P
No llego,N
Actitud desagradable,N
La unidad tardó más de lo debido ,N
Gracias perdón  ,NEU
Noooo ..!!!!!!!!!! Nunca llegó,N
nada de nada,N
Buena ,P
Puntualidad,NEU
Ya me fui,NEU
No necesito gracias,NEU
NnnnnnnCanceló solicitud,N
Canceló solicitud,N
Otros,NEU
Mal servicio,N
No todavía,N
Mas luego voy a solicitar,NEU
Cancelada por Call Center.,N
Otra dureccion señor,NEU
Canceló solicitud,N
Nunca llegó,N
Puntualidad,NEU
1 lark ,NEU
La unidad se fue a otra dirección,N
Ok ,P
Viaje agradable,P
"Buen taxista, no pude abordar al taxi por incovenientes en mi residencia, desculpe. ",P
Nunca llegó,N
Atento y cordial,P
Canceló solicitud,N
Atento y cordial,P
Atento y cordial,P
Canceló solicitud,N
Puntualidad,NEU
"Atento y cordial, Viaje agradable, Puntualidad",P
Pesimo servicio confirma y luego cancela  ,N
"Atento y cordial, Viaje agradable, Puntualidad",P
Nunca llegó,N
Pésimo servicio 2 unidades y ninguna de ellas llega  ,N
Puntualidad,NEU
No nos realizó la carrera Actitud desagradable,N
Puntualidad,NEU
No llego,N
No llego ,N
Viaje agradable,P
demora 10 minutos ,N
Limpieza de vehículo,N
Canceló solicitud,N
OK        b,P
"Atento y cordial, Viaje agradable, Puntualidad",P
Nunca llegó,N
Me voy a demorar disculpe,NEU
Atento y cordial,P
Puntualidad,NEU
"Pésimo servicio, no me vuelvan a mandar a éste conductor irresponsable...!",N
"Atento y cordial, Viaje agradable, Puntualidad",P
Puntualidad,NEU
No llego Nunca llegó,N
"Atento y cordial, Viaje agradable, Puntualidad, Wifi/carga de celulares, Servicio de llamadas",P
Que se guíe mejor en el mapa,N
Se me presentó un imprevisto.. mil disculpas,NEU
.............,NEU
No vino a la casa ,N
"Atento y cordial, Puntualidad",P
mala nunca llego,N
Atento y cordial,P
Tome un taxi que llegó más rápido,NEU
Buena  ,P
Atento y cordial,P
Puntualidad,NEU
esta en otra dirección ,N
Viaje agradable,P
Atento y cordial,P
tengo prisa ,NEU
cancelar unidad ,NEU
Que se guíe mejor en el mapa,N
Ya no,NEU
Viaje agradable,P
ya pasaron por mi ...hermano,NEU
Muy eficiente gracias  ,P
Si llego ,P
Se encuentra muy lejos,N
Perdone,NEU
Exelente  ,P
Gracias,P
Nunca llegó,N
 Puntualidad,NEU
Bueno ,P
si llego el taxi un excelente servicio ,P
Ya no estaba trabajando  ,NEU
Tiempo ,NEU
"Atento y cordial, Viaje agradable",P
Atento y cordial,P
Nunca llegó,N
Puntualidad,NEU
Viaje agradable,P
"Ya estaba en el taxi que aceptó y no se por qué, me mandaron otro mas. Supongo que error de la aplicación. Todo bien con el primer auto.",N
Canceló,N
nunca llegoooooo,N
Puntualidad,
No es serio en la carrera,N
está en otra dirección ,N
Está lejos,N
Muy gentil,P
Cancelada por Call Center.,N
"Atento y cordial, Puntualidad",P
No llevo 4 pasajeros,N
Trato al cliente,NEU
Atento y cordial,P
Reportó que no puede llegar,N
Dirección errada,N
Nunca llegó,N
Nunca llegó. Pésimo servicio .,N
1,NEU
"Atento y cordial, Viaje agradable, Puntualidad",P
Canceló solicitud,N
Atento y cordial,P
Inconveniente personal,NEU
Nunca llegó,N
diligencias ,NEU
Canceló solicitud,N
........................,NEU
Cancelan la carrera y hacen perder bastante tiempo sean más serios y centrados si no van a poder,N
Mal servicio no quiso llevar amk hijo adelante estábamos 4 personas ,N
Viaje agradable,P
Nunca llegó,N
Cancelada por Call Center.,N
aaaaaaaaaaaaaaa,NEU
No llego Nunca llegó,N
Atento y cordial,P
ya deje deje ,N
"Atento y cordial, Viaje agradable, Puntualidad",P
"El señor reinicia taxímetro sin terminar la carrera y quiere cobrar 3$ cuando sale 2,34$ precio app",N
Muy bien recuerda que la puntualidad es el éxito  ,P
Nunca llegó,N
Atento y cordial,P
Cancelada por Call Center.,N
Atento y cordial,P
. Viaje agradable,P
ME CONFUNDÍ DE UNIDAD DE KTAXI ,NEU
Nunca llegó,N
"Me canceló, que poco profesional",N
Viaje agradable,P
Me amenazó e insulto  ,N
Ya no requiero el servicio,NEU
Mal servicio,N
"Atento y cordial, Viaje agradable, Puntualidad",P
Atento y cordial,P
Puntualidad,NEU
Pésimo servicio,N
Atento y cordial,P
XdNunca llegó,N
Viaje agradable,P
Atento y cordial,P
no llegó el taxi y ya no pudimos llegar pronto ,N
Ok ,P
No llego,N
NelCanceló solicitud,N
Pésimo servicio Vehículo incorrecto,N
Puntualidad,NEU
Viaje agradable,P
super bueno el servicio,P
Canceló solicitud,N
Que cobre lo justo,N
Mala educación,N
Viaje agradable,P
"Puntualidad, Atento y cordial, Viaje agradable",P
Canceló solicitud,N
No pudo llegar,N
Puntualidad,NEU
Trato al cliente,NEU
Atento y cordial,P
No llego ,N
"Atento y cordial, Viaje agradable, Puntualidad",P
No llego,P
gracias no llego ,N
"Cancelo la carrera, después de tomarla.",N
Atento y cordial,P
Porque nunca llego ,N
Nunca llegó,N
Actitud desagradable,N
Ya llegó el taxi ,NEU
Viaje agradable,P
Puntualidad,NEU
"Atento y cordial, Puntualidad, Servicio de llamadas",P
"JAMÁS LLEGO Canceló solicitud, Nunca llegó",N
Viaje agradable,P
Ya m llegaron a ver,NEU
Viaje agradable,P
si si aajjajaj,NEU
coloqué mal el destino ,NEU
Trato al cliente,NEU
Mal gps,NEU
👍 ,P
Atento y cordial,P
"Atento y cordial, Viaje agradable, Puntualidad",P
No llego ,N
Wifi/carga de celulares,NEU
Mala Arencion,N
Atento y cordial,P
0,NEU
JurídicaCanceló solicitud,N
9,NEU
Actitud desagradable,N
Atento y cordial,P
por error de dirección ,NEU
Nunca llegó,N
Viaje agradable,P
Atento y cordial,P
Puntualidad,NEU
E ,NEU
No llego en su tiempo ,N
"Atento y cordial, Viaje agradable, Puntualidad, Wifi/carga de celulares, Servicio de llamadas",P
Siempre cansela mal pesimo,N
Que pasó pana,NEU
Gracias ,P
Atento y cordial,P
Otro taxi,NEU
Hwhsksv,NEU
"Lo siento, ya no necesito la unidad ",NEU
Canceló solicitud,N
No necesuto,NEU
Servicio de llamadas,NEU
Nunca llego,N
Pesimo servicio  ,N
Pésimo servicio  ,N
Ya no deseo,NEU
Cancelada por Call Center.,N
Atento y cordial,P
Me equivoqué,NEU
Canceló solicitud,N
Mala atencion Actitud desagradable,N
"Atento y cordial, Viaje agradable, Puntualidad",P
Atento y cordial,P
Me llegaron. A ver,NEU
Atento y cordial,P
Nunca llegó,N
Atento y cordial,P
"Atento y cordial, Puntualidad",P
Actitud desagradable,N
Nunca llego a la ubicación indicada,N
"Atento y cordial, Viaje agradable",P
Puntualidad,NEU
"Atento y cordial, Puntualidad",P
👍 ,P
Hakanans,NEU
Nada,NEU
"Atento y cordial, Viaje agradable, Puntualidad",P
Servicio de llamadas,NEU
Viaje agradable,P
Viaje agradable,P
"Muy cordial el conductorAtento y cordial, Viaje agradable, Puntualidad",P
Atento y cordial,P
Canceló solicitud,N
Viaje agradable,P
Servicio de llamadas,NEU
Necesito q me envíe otra unidad,NEU
Necesito q me ayude con otra unidad,NEU
Urgencia,NEU
Atento y cordial,P
Puntualidad,NEU
No espero nisiquera 5 min Canceló solicitud,N
Actitud desagradable,N
Canceló solicitud,N
No deseo,N
Disculpe ya no necesito,NEU
Bueno ,P
Cancela la carrera,N
"Atento y cordial, Viaje agradable, Puntualidad, Wifi/carga de celulares, Servicio de llamadas",P
Canceló solicitud,N
Otros,NEU
No pudo llegar,N
Disculpe no necesito,NEU
Buen servicio  ,P
No ,NEU
Mala,N
Cancelada por Call Center.,N
Necesito hacer otra,NEU
Vale verga,N
No llego,N
"Atento y cordial, Viaje agradable, Puntualidad",P
Actitud desagradable,N
No llego Nunca llegó,N
ubicación errónea,N
No llegoNunca llegó,N
Nunca llegó,N
Bien,P
No cumple,N
tardo demasiado ,N
Que mal servicio,N
Mal servicio ,N
Has hace perder perder tiempo ,N
"El señor no nos quiso llevar Vehículo incorrecto, Actitud desagradable",N
Me vinieron a ver mil disculpas ,NEU
Nunca llegó,N
Puntualidad,NEU
Gracias ,P
Buena  atención,P
Canceló solicitud,N
"Muy buen conductor se le agradece Atento y cordial, Viaje agradable, Puntualidad, Wifi/carga de celulares",P
Poca experiencia con el gpsQue se guíe mejor en el mapa,NEU
Tener cambio (sueltos),N
Ok,P
No llego Nunca llegó,N
Fueron dos minutos pero pasó más del tiempo establecido ,N
Atento y cordial,P
Viaje agradable,P
No necesito la unidad.,NEU
Bien ,P
Nunca llegó,N
Viaje agradable,P
"Atento y cordial, Viaje agradable, Puntualidad",P
Bien ,P
Viaje agradable,P
La cancele porque en mi celular la direccion no era la correcta,NEU
"Atento y cordial, Puntualidad",P
No necesito,NEU
La aplicación dio mal la dirección,NEU
"Viaje agradable, Puntualidad",P
Mal servicio es la segundo vez q no llega,N
"Atento y cordial, Viaje agradable, Puntualidad",P
Que mal,N
Canceló solicitud,N
Pesimo servicio.. Necesitaba el taxi de urgencia,N
Atento y cordial,P
Viaje agradable,P
Puntualidad,NEU
Puntualidad,NEU
Atento y cordial,P
no aparece la unidad en el mapa ,NEU
Viaje agradable,P
Nunca llegó,N
Cancelo,N
Gravias ,P
"Viaje agradable, Atento y cordial, Puntualidad",P
Puntualidad,NEU
Nunca llegó,N
Atento y cordial,P
No llegoNunca llegó,N
Pésimo servicio del conductor,N
"Atento y cordial, Viaje agradable, Puntualidad",P
"Atento y cordial, Viaje agradable, Puntualidad, Wifi/carga de celulares, Servicio de llamadas",P
Buen servicio y precio justo...gracias seguro volveré a utilizar  ,P
Viaje agradable,P
mucho se demoró el conductor ,N
"Atento y cordial, Viaje agradable, Puntualidad",P
. ,NEU
hable bien,NEU
"Atento y cordial, Viaje agradable, Puntualidad",P
Nunca llegó,N
Solicito cancelación,N
Puntualidad,NEU
......,NEU
Error del usuario,N
Atento y cordial,P
"Atento y cordial, Viaje agradable, Puntualidad, Wifi/carga de celulares, Servicio de llamadas",P
Viaje agradable,P
Wifi/carga de celulares,NEU
Ya no necesito,NEU
la unidad no llegó ,N
Buena ,P
Mal ,N
"Atento y cordial, Viaje agradable, Puntualidad",P
Viaje agradable,P
Estuvimos esperando ,NEU
No se mueve ,N
Excelente servicio ,P
Mal sercicio,N
Viaje agradable,P
pésimo servicio ,N
equivocado ,NEU
Cancelar solicitud,N
BienAtento y cordial,P
Ok ,P
no llego el taxi ,N
Gravias  ,P
Nunca llegó,N
Puntualidad,NEU
La unidos pidió suspender,N
Urgencia ,NEU
Atento y cordial,P
No encuentro la unidad,N
En espera,NEU
Excelente  ,P
Atento y cordial,P
Ya no deseo el servicio,NEU
Aun no estoy lista,NEU
no llego el vehículo ,N
"Viaje agradable, Puntualidad",P
Excelente  ,P
Canceló solicitud,N
No llega,N
"Atento y cordial, Viaje agradable, Puntualidad",P
Pasaron por mi perdón,NEU
"Atento y cordial, Puntualidad",P
Atento y cordial,P
NoLlevó otro cliente,N
Nunca llegó,N
Puntualidad,NEU
Nunca llegó,N
Puntualidad,NEU
"Atento y cordial, Viaje agradable, Puntualidad",P
Puntualidad,NEU
Viaje agradable,P
Mal servicio,N
"Atento y cordial, Viaje agradable, Puntualidad",P
Ya no requiero el servicio ,NEU
Viaje agradable,P
"Atento y cordial, Viaje agradable, Puntualidad",P
Pésimo se pone enojado y no da el cambio  ,N
Viaje agradable,P
Atento y cordial,P
Puntualidad,NEU
Gracias  ,P
Atento y cordial,P
Lo cancelo,N
Puntualidad,NEU
Gps no sirve,NEU
Canceló solicitud,N
Canceló solicitud,N
no llego la unidad ,N
Es un mal servicio Canceló solicitud,N
"Atento y cordial, Viaje agradable, Puntualidad",P
Nunca llegó,N
Puntualidad,NEU
Que cobre lo justo,N
Atento y cordial,P
Nunca llegó Nunca llegó,N
Puntualidad,NEU
Otros,NEU
Atento y cordial,P
Nunca llegó,N
Puntualidad,NEU
Nunca llegó,N
No llegó ,N
Puntualidad,NEU
Puntualidad,NEU
Ok,P
Puntualidad,NEU
Puntualidad,NEU
No acepto necesito de urgencia,N
Atento y cordial,P
nada escoji otro ,NEU
No vino que mal servicio no es la primera vez,N
Puntualidad,NEU
Puntualidad,NEU
No vino,N
"Atento y cordial, Viaje agradable, Puntualidad",P
Puntualidad,NEU
Necesito una mas rapido,N
Mucho tiemp,N
Did not come Canceló solicitud,N
No puedo sslir,NEU
Inconveniente,NEU
Atento y cordial,P
Excelente  ,P
Viaje agradable,P
Cancelada por Call Center.,N
Canceló solicitud,N
Viaje agradable,P
Puntualidad,NEU
No llegó,N
Ya no necesito,NEU
Viaje agradable,P
muy bueno  ,P
Viaje agradable,P
Cancelada por Call Center.,N
"Viaje agradable, Puntualidad, Atento y cordial",P
Gracias ,P
Tuve una emergencia médica,NEU
Viaje agradable,P
Atento y cordial,P
No saldre,NEU
Llevó otro cliente,N
Atento y cordial,P
Puntualidad,NEU
Jamás llegó,P
Viaje agradable,P
Pésimo servicio....no cobra lo justo y que cobran todas las unidades....Cobro inadecuado,N
Actitud desagradable,N
Atento y cordial,P
No llego Nunca llegó,N
Encotre otre unidad,NEU
Puntualidad,NEU
Mal direccion,N
Salida cancelada,NEU
Mal servicio.... cancela las carreras ... muy mal pero muy mal servicio,N
....,NEU
Nunca llego mal servicio 😡😡😡😡😡,N
Puntualidad,NEU
Cancelada por Call Center.,N
Mal manejo de la app por mi parte.,NEU
ok ,P
Tener cambio (sueltos),NEU
Muchas gracias!! ,P
Me hizo esperar de gana,N
Actitud desagradable,N
Ya no deseo la unidad,NEU
Me confundí,NEU
no llego al destino ,N
Nunca llegó,N
Nunca llegó,N
J Jjjj,NEU
Excelente sin problemas llegó puntual ,P
Jxjsbd,NEU
"no llegóAtento y cordial, Viaje agradable, Puntualidad",NEU
Viaje agradable,P
Atento y cordial,P
Cancelada por Call Center.,N
Atento y cordial,P
Carisimo a 5 cuadras 20 bs...,NEU
Nunca llegó,N
Que cobre lo justo,N
Ya no necesito gracias,NEU
Cancelada por Call Center.,N
buen servicio ,P
Canceló solicitud,N
Cancelada por Call Center.,N
Muy paciente y espero mucho tiempo.,N
Ya llegaron a recogerlos,NEU
.l.,NEU
Atento y cordial,P
Viaje agradable,P
Una persona amo educada terrible esa clase de gente hasta hoy utilice esta aplicación porque no tienen gente con educación Actitud desagradable,N
Canceló solicitud,N
"Atento y cordial, Viaje agradable, Puntualidad",P
Gracias,P
Annans ,NEU
Puntualidad,NEU
"Canceló solicitud, Nunca llegó",N
Atento y cordial,P
... ,NEU
Nunca llegoLlevó otro cliente,N
Actitud desagradable,N
Nakalahsbmakaanba,NEU
si llegó a tiempo ,P
Gracias  ,P
Ok ,P
Buena la atencion  ,P
Pésimo servicio de esta unidad  ,N
Canceló solicitud,N
Actitud desagradable,N
Excelente Puntualidad,P
Atento y cordial,P
KoolPuntualidad,NEU
Gracias ,P
Nunca llegó,N
Pésimo conductor no quiero que me atienda nuevamente es irresponsable,N
Mucho tiempo  ,N
19,NEU
No llegó ,N
Atento y cordial,P
"Atento y cordial, Puntualidad, Viaje agradable",P
Pésimo mal servicio  ,N
Viaje agradable,P
Nunca lleho ,N
No llegóNunca llegó,N
Velocidad excesiva,N
🤦🏻‍♂️🤦🏻‍♂️🤦🏻‍♂️🤦🏻‍♂️,N
"Atento y cordial, Puntualidad",P
Puntualidad,NEU
Canceló solicitud,N
no me espero,N
Atento y cordial,P
Ya culminó la carrera,NEU
no quiso retroceder una cuadra para recogerme estoy con un paciente ,N
Puntualidad,NEU
Nunca llegó,N
Dentro de los 3 min no llego Nunca llegó,N
Cobró más de lo que era La ruta Cobro inadecuado,N
Puntualidad,NEU
Viaje agradable,P
5,NEU
Didnt know where to go,N
Jw7dnsñbf,NEU
"Muy bien Atento y cordial, Puntualidad, Viaje agradable, Wifi/carga de celulares, Servicio de llamadas",P
Cobro exageradoActitud desagradable,N
Cancelación de salida,N
Todo bien,P
Cancelar,N
Porque motivo si estoy en la puerta,N
Viaje agradable,P
Nunca llegó Nunca llegó,N
Atento y cordial,P
No llego,N
"Viaje agradable, Puntualidad",P
Excelente  ,P
Nunca llegó,N
Ya no necesito muchas gracias paso un inconveniente mil disculpas,NEU
Mal servicio,N
Cobro inadecuado,N
Viaje agradable,P
"Atento y cordial, Wifi/carga de celulares",P
Mil disculpas he puesto mal la referencia,NEU
"Deje de requerir el taxi, mil disculpas ",NEU
Atento y cordial,P
Atento y cordial,P
Es otra dirección,NEU
Atento y cordial,P
Puntualidad,NEU
Sorry bro,NEU
Puntualidad,NEU
Canceló solicitud,N
Nunca llegó ,N
........no me contesta,N
Atento y cordial,P
Ya no ,NEU
"Atento y cordial, Viaje agradable",P
No mampara Música/volumen,N
Bien ,P
Puntualidad,NEU
Ok ,P
Buena  ,P
Perodn me equivoqué,NEU
Cancelada por Call Center.,N
no salgo en e taxi ,NEU
Excelente Atento y cordial,P
Mala ,N
La operadora cancela al tener unidad asignada.,N
Canceló solicitud,N
B ,NEU
Nunca llegó,N
Cancelada por Call Center.,N
Gracias ,P
Nunca llegó,N
Atento y cordial,P
Me quedo en casa,NEU
5,NEU
"Atento y cordial, Viaje agradable, Puntualidad",P
Atento y cordial,P
"Atento y cordial, Viaje agradable, Puntualidad",P
Bien  ,P
"Atento y cordial, Viaje agradable, Puntualidad",P
Atento y cordial,P
"Viaje agradable, Puntualidad",P
Puntualidad,NEU
Atento y cordial,P
Canceló la solicitud cuando yo ya estaba afuera,N
Puntualidad,NEU
No llega unidad ,N
Nunca llegó,N
Gracias  ,P
demasiado tiempo ,N
"Atento y cordial, Viaje agradable",P
"Puntualidad, Atento y cordial, Viaje agradable",P
Canceló solicitud,N
Ok ,P
Da tiempo a solicitudes de prueba  ,NEU
"Atento y cordial, Viaje agradable, Puntualidad, Servicio de llamadas",P
Atento y cordial,P
Ño llegó Nunca llegó,N
Atento y cordial,P
Bien Atento y cordial,P
Atento y cordial,P
Atento y cordial,P
Atento y cordial,P
Nunca llegoNunca llegó,N
Viaje agradable,P
No llegó,N
Puntualidad,NEU
priblemas,NEU
didn’t find my location ,N
Mal servicio,N
"Viaje agradable, Puntualidad",P
"Atento y cordial, Viaje agradable, Puntualidad",P
Ingreso mal de la ubicación,NEU
No llegoNunca llegó,N
Viaje agradable,P
Atento y cordial,P
Viaje agradable,P
"Atento y cordial, Viaje agradable, Puntualidad",P
"Viaje agradable, Puntualidad, Servicio de llamadas",P
bBsndndndnsndn,NEU
Nunca llegó,N
Vehículo incorrecto,N
Exele te ,P
Gracias  ,P
Nunca llegó,N
Canceló solicitud,N
Conductor en estado etílico ,N
MDisculpe la cancelación ,NEU
Nunca llegó,N
Nunca llegó,N
Viaje agradable,P
Se retiró sin informar,N
Si llego,P
El tiempo de espera de la solicitud ha caducado,N
Tiempo ,NEU
No sé actualizar,NEU
.............,NEU
No saldre en este momento,NEU
Atento y cordial,P
"Atento y cordial, Viaje agradable, Puntualidad",P
graciaa  ,P
Canceló solicitud,N
Cancelada por Call Center.,N
No llego ,N
Bueno,P
Puntualidad,NEU
Atento y cordial,P
Canceló solicitud,N
Motivo?,N
"Atento y cordial, Viaje agradable",P
Xxxx,NEU
Que cobre lo justo,N
No llegoNunca llegó,N
Cancelo la solicitud,N
Disculpe,NEU
Muy  buena exelente taxista  ,P
Tomó una ruta más larga innecesariamente ,N
Atento y cordial,P
Nunca llegó,N
Señalé mi punto de destino y cuando había dicho al conductor que debía detenerse seguía avanzando alejándome de mi destino y así dos veces más. PésimoTrato al cliente,N
Canceló solicitud,N
No queremos,NEU
No llego Nunca llegó,N
No hay problema,P
"CoCanceló solicitud, Nunca llegó",N
Ya no deseo viajar,NEU
Gracias,P
Muy caro,N
"Wifi/carga de celulares, Viaje agradable, Atento y cordial, Servicio de llamadas, Puntualidad",P
Mal servicioNunca llegó,N
"Wifi/carga de celulares, Servicio de llamadas",NEU
"Su taxímetro estaba mal configurado pues duplicó el precio y la velocidad y actitud Velocidad excesiva, Actitud desagradable",N
Me tocó cancelar y me exige el pago ,N
Hhikmnbgrtresdxgjjuiio,NEU
Emergencia ,NEU
"ya me surgió un inconveniente y no pude yo, acercarme al taxi",NEU
Toque de queda,NEU
Me cancelo la carrera,N
"......,.,,,.,,.,,,,,,,,,",NEU
esta mal la ubicación ,NEU
Tomó otra ruta,N
Puntualidad,NEU
Puntualidad,NEU
Mal ubicacion,NEU
"Atento y cordial, Viaje agradable",P
Hhh ,NEU
El taxímetro tiene incompleto los dígitos en el panel donde se muestra el precio ,N
Viaje agradable,P
",,,,,,",N
Buen Servicio! ,P
no llega el taxi a tiempo,N
pesimo ssrvicio si solicito la unidad ds porque necesesito movilizarme de urgencia.,N
No es necesario,NEU
Puntualidad,NEU
no responde el saludo mal educado  ,N
Bueno ,P
No puedo salir,NEU
Vacío,NEU
"Atento y cordial, Puntualidad",P
Pésimo,N
Bueno,P
"Viaje agradable, Puntualidad",P
"Que se guíe mejor en el mapa, Que cobre lo justo, Puntualidad, Limpieza de vehículo",N
Mmmmpjig8,NEU
No pedi,NEU
Nunca llegó,N
Nunca llego Nunca llegó,N
Rápido el servicio  ,P
Yo cancele,NEU
Para que acepta si no va a venir,N
No llega en el tiempo Nunca llegó,N
Viaje agradable,P
oj ,NEU
Mejorar aseo del vehículo ,N
"Atento y cordial, Viaje agradable",P
Buena la atencion,P
Canceló solicitud,N
"Atento y cordial, Viaje agradable, Puntualidad, Servicio de llamadas",P
"Atento y cordial, Viaje agradable, Puntualidad",P
Nunca llegó,N
Viaje agradable,P
Viaje agradable,P
No llego ,N
"Atento y cordial, Viaje agradable, Puntualidad",P
Muy bien recuerda que la puntualidad es el éxito  ,P
"Atento y cordial, Viaje agradable, Puntualidad",P
Atento y cordial,P
Bueno bb ,P
"Atento y cordial, Puntualidad",P
Nunca llegó,N
Atento y cordial,P
perdón graciaaaaaas,NEU
pppopppppooooo,NEU
"Atento y cordial, Viaje agradable, Puntualidad",P
Puntualidad,NEU
Atento y cordial,P
Siempre no  lo ocupo,NEU
Me confundi de taxi,NEU
Nunca llegó,N
Atento y cordial,P
Puntualidad,NEU
"Atento y cordial, Puntualidad",P
Wifi/carga de celulares,NEU
Estaba apurada,NEU
Viaje agradable,P
"Atento y cordial, Viaje agradable, Puntualidad",P
Buena ,P
"Atento y cordial, Viaje agradable, Puntualidad",P
Perdón me subí a otro taxi :( ,NEU
10,NEU
Atento y cordial,P
Atento y cordial,P
Puntualidad,NEU
Nunca llegó,N
"Atento y cordial, Viaje agradable, Puntualidad, Wifi/carga de celulares, Servicio de llamadas",P
Llevó otro cliente,N
Nunca llegó,N
"Todo está excelente con el señor, pero deberían especificar si es camión o camioneta ya que yo solicite una camioneta pero me llego un camión muy mal servicio de su parte el no especificar. De ahí el señor muy amable y cordial.Atento y cordial, Viaje agradable",P
Ningún  ,N
Viaje agradable,P
Puntualidad,NEU
Muy bien recuerda que la puntualidad es el éxito  ,P
"Atento y cordial, Viaje agradable, Puntualidad, Servicio de llamadas",P
.................$$:!.$,NEU
Nunca llegó,N
El ChucCanceló solicitud,N
Exelente ,P
Cancelada por Call Center.,N
Bien ,P
No llego,N
Actitud desagradable,N
Puntualidad,NEU
"Atento y cordial, Viaje agradable",P
"Viaje agradable, Atento y cordial, Puntualidad",P
"Atento y cordial, Viaje agradable",P
Canceló solicitud,N
A tiempo,P
Buena ,P
Nunca llegó,N
Muy buena  ,P
Ya no lo ocupo,NEU
Fue error,NEU
Estaba de apresuró aborde otra unidad,NEU
Ok ,P
Me tuvo esperando,N
Viaje agradable,P
"Atento y cordial, Viaje agradable, Puntualidad",P
Viaje agradable,P
No lo pude localizar,N
Gracias,P
Ya conseguí uno,NEU
Atento y cordial,P
Cobro una suma excesiva por su propia equivocaciónActitud desagradable,N
Nunca llegó ,N
Atento y cordial,P
Puntualidad,NEU
Cancelada por Call Center.,N
Buena,P
Nunca llegó,N
El señor cobra más de la cuenta me quiere cobrar 4.50 de la ciudadela de los medicos a la entrada de Ricaurte que horror Actitud desagradable,N
Si llego y me trajo al lugar que le pedí,P
No quiso venir al domicilio ,N
Se fue sin razón,N
Canceló solicitud,N
Actitud desagradable,N
Bueno ,P
Atento y cordial,P
No saluda y coge la peor ruta posible ,N
Atento y cordial,P
Viaje agradable,P
Nunca llegó,N
